date,0
2011-02-01,0.00890555724534044
2011-02-02,-0.0033493552908105684
2011-02-03,-0.014464544175649519
2011-02-04,0.009020383612385413
2011-02-07,-0.010636204134693406
2011-02-08,-0.009280243833384494
2011-02-09,0.0048978478922618585
2011-02-10,0.022477660062718147
2011-02-11,0.01684400264156627
2011-02-14,0.014041055681653841
2011-02-15,-0.021143603623472507
2011-02-16,0.01482833364806535
2011-02-17,0.020158807584077454
2011-02-18,-0.0077095871314051545
2011-02-22,-0.03080462744892018
2011-02-23,-0.004320824781648885
2011-02-24,0.0006471501058061269
2011-02-25,-0.007288621224609271
2011-02-28,0.002813239412317009
2011-03-01,-0.025076182068906556
2011-03-02,-0.017303751178753858
2011-03-03,-0.0014200261841647377
2011-03-04,-0.010377041720196082
2011-03-07,-0.0018623255028109575
2011-03-08,-0.025838342881436088
2011-03-09,-0.025694905166277704
2011-03-10,-0.02716966484802164
2011-03-11,-0.009893937743561435
2011-03-14,0.008311201166854392
2011-03-15,-0.004375557183077101
2011-03-16,-0.01004904276871273
2011-03-17,0.012731577122524932
2011-03-18,-0.015402818469839524
2011-03-21,0.016694346530554238
2011-03-22,-0.013215953087996017
2011-03-23,0.006130683745290798
2011-03-24,0.029691086907344268
2011-03-25,-0.00996001468198256
2011-03-28,0.012256505328410605
2011-03-29,-0.0028980931385061606
2011-03-30,-0.016117055125610416
2011-03-31,0.005804436812118952
2011-04-01,0.019730992306020458
2011-04-04,0.009285354791583433
2011-04-05,0.003103378207476229
2011-04-06,-0.0010937086641379012
2011-04-07,0.0087214249412925
2011-04-08,-0.004221389377591423
2011-04-11,0.005681136974301208
2011-04-12,0.0011978984029822344
2011-04-13,-0.005439582611949286
2011-04-14,0.009414716449592242
2011-04-15,0.038765104828417885
2011-04-18,-0.008905172338117015
2011-04-19,-0.005083065095389879
2011-04-20,-0.007403739087709451
2011-04-21,-0.005908061804307325
2011-04-25,-0.01272408881952595
2011-04-26,0.0011513682253495574
2011-04-27,0.014719914714315998
2011-04-28,0.003248263401401459
2011-04-29,-0.0156918329878577
2011-06-01,0.023958265640114305
2011-06-02,-0.006926478326806226
2011-06-03,0.010610302345107698
2011-06-06,0.004341876731984903
2011-06-07,0.00984153759943936
2011-06-08,0.014885221306262464
2011-06-09,0.0060654696248455915
2011-06-10,0.005537364010660924
2011-06-13,0.0061871712094571825
2011-06-14,-0.0018793924156433512
2011-06-15,0.0072649966558816495
2011-06-16,0.008814879635043866
2011-06-17,0.016381707918517487
2011-06-20,0.0014006987153564188
2011-06-21,-0.011206427205968574
2011-06-22,0.011844555309779568
2011-06-23,-0.023398542430954846
2011-06-24,0.02550108272880558
2011-06-27,0.007492099891275343
2011-06-28,0.010818732815103111
2011-06-29,-0.0022120255593055535
2011-06-30,-0.019427492245784286
2011-07-01,0.001183742800629499
2011-07-05,0.008213620751916118
2011-07-06,0.018301286151405805
2011-07-07,-0.011322524008867647
2011-07-08,0.013486233468117687
2011-07-11,0.021733550787944513
2011-07-12,0.01313895458175381
2011-07-13,0.00566141670642987
2011-07-14,0.024825070825069052
2011-07-15,-0.0014037123235538518
2011-07-18,0.017058433370491326
2011-07-19,0.008693973315621016
2011-07-20,-0.00526306045308907
2011-07-21,-0.02639304590070335
2011-07-22,0.0050706976826454895
2011-07-25,0.0039209719160574474
2011-07-26,0.005471814249297952
2011-07-27,0.02110684019884953
2011-07-28,0.0016168288020800654
2011-07-29,0.0011246299450954349
2011-09-01,0.004754509320632672
2011-09-02,0.028110720442742508
2011-09-06,0.011696874865204876
2011-09-07,-0.01480387657174761
2011-09-08,0.006894837737726182
2011-09-09,0.017010384072859895
2011-09-12,-0.004713532087355993
2011-09-13,0.005471340166966672
2011-09-14,0.009933734099742554
2011-09-15,-0.008027596671115928
2011-09-16,0.010814451272755154
2011-09-19,0.01576877919106323
2011-09-20,0.0004254880570490065
2011-09-21,0.028629294812116436
2011-09-22,0.014959596365519762
2011-09-23,-0.007721487318514853
2011-09-26,-0.016308325870183125
2011-09-27,0.010050852246543007
2011-09-28,0.005496122768550974
2011-09-29,-0.018048621570288303
2011-09-30,0.0018085390906085203
2011-10-03,0.0254038546849211
2011-10-04,-0.007212029259157943
2011-10-05,-0.007858787768690348
2011-10-06,-0.029817249756268906
2011-10-07,0.022182286192628926
2011-10-10,-0.012578065406992836
2011-10-11,0.003057168086143129
2011-10-12,-0.014117388528447832
2011-10-13,0.016276472840288474
2011-10-14,0.006163033715430253
2011-10-17,0.006489384146230346
2011-10-18,-0.03780965308761686
2011-10-19,0.01926023735304035
2011-10-20,-0.008234809914334968
2011-10-21,0.01945975611358075
2011-10-24,-0.016035336618879237
2011-10-25,0.005845105948663685
2011-10-26,-0.0021038879956385417
2011-10-27,-0.046321916275669624
2011-10-28,-0.025025036079934376
2011-10-31,0.019545068276783484
2011-11-01,0.019426986694486406
2011-11-02,-0.020678654843172994
2011-11-03,0.006694821630305105
2011-11-04,0.02392377729965955
2011-11-07,0.0014535901889773189
2011-11-08,0.0029587513367622283
2011-11-09,0.007106261980331191
2011-11-10,-0.020973310446960894
2011-11-11,-0.010155255814964235
2011-11-14,0.0066487980398943014
2011-11-15,0.0010606036615810046
2011-11-16,0.0064601269397995455
2011-11-17,-0.003954321958729912
2011-11-18,0.0007516785562343329
2011-11-21,0.04014500594683604
2011-11-22,0.024315073884022872
2011-11-23,0.006008305346330606
2011-11-25,-0.013146799417833106
2011-11-28,0.0009066284824274327
2011-11-29,0.029450408375501388
2011-11-30,-0.026533087543855714
2011-12-01,-0.017174605282277884
2011-12-02,-0.014299200141183094
2011-12-05,-0.008934616052792183
2011-12-06,0.026400943012802304
2011-12-07,-0.008280328023845483
2011-12-08,0.014948792470639068
2011-12-09,-0.01816381570989445
2011-12-12,0.01781175576574497
2011-12-13,0.027685791689985084
2011-12-14,0.009344332722950988
2011-12-15,0.008440788840989531
2011-12-16,-0.005204648814201277
2011-12-19,0.015587986593304107
2011-12-20,-0.009890594967834287
2011-12-21,0.02128251066463338
2011-12-22,-0.026019467995924212
2011-12-23,0.0007099049387833487
2011-12-27,0.007057665544943877
2011-12-28,0.00886517566585354
2011-12-29,-0.006798268363272798
2011-12-30,-0.010914414182050967
2012-02-01,0.009331287127176041
2012-02-02,-0.0006236719560110404
2012-02-03,0.009029742026191168
2012-02-06,-0.0023365392360542026
2012-02-07,-0.0026342051070076256
2012-02-08,-0.016085520093387096
2012-02-09,0.0060194419176314296
2012-02-10,0.009799224687945668
2012-02-13,-0.009620735158063165
2012-02-14,0.006762028130281594
2012-02-15,0.00870729638406978
2012-02-16,-0.011618971032253789
2012-02-17,-0.003480956678392988
2012-02-21,-0.024091848967564555
2012-02-22,-0.00163151152529456
2012-02-23,0.005309350272756835
2012-02-24,0.019834676319305855
2012-02-27,-0.0065519952321294594
2012-02-28,0.0005278529849827018
2012-02-29,-0.0072112898293517635
2012-03-01,0.006145509723110984
2012-03-02,0.010401627631740545
2012-03-05,-0.004713254216951013
2012-03-06,-0.010969981373231241
2012-03-07,-0.0060636412203012025
2012-03-08,0.004304961676516339
2012-03-09,0.009148709385835618
2012-03-12,-0.012083889415521631
2012-03-13,-0.005192498442505189
2012-03-14,-0.005990580873247886
2012-03-15,0.01601304712694246
2012-03-16,-0.0023460949562714994
2012-03-19,-0.0021785262410091155
2012-03-20,-0.004909802712997291
2012-03-21,0.00861113725843074
2012-03-22,-0.007894699954216766
2012-03-23,0.0036135889804645993
2012-03-26,0.0012354900307812722
2012-03-27,-0.0061805462186076965
2012-03-28,-0.014772765578242864
2012-03-29,-0.005608011495108534
2012-03-30,0.012280462213999394
2012-05-01,-0.01718991965748972
2012-05-02,0.001323354391297521
2012-05-03,0.013794941668232197
2012-05-04,0.026307645245852662
2012-05-07,-0.003537762713200776
2012-05-08,0.01546662817337005
2012-05-09,-0.005110835495485855
2012-05-10,0.03426784058063137
2012-05-11,0.0027646165986636995
2012-05-14,0.009027399632933503
2012-05-15,0.0036816494132455024
2012-05-16,0.02150442542432726
2012-05-17,0.015049239411756093
2012-05-18,-0.02237931948909111
2012-05-21,-0.01842095879544306
2012-05-22,0.004289649939026197
2012-05-23,-0.014530684184581477
2012-05-24,0.020010571076373634
2012-05-25,-0.010253056083410733
2012-05-29,-0.01933348726752787
2012-05-30,0.017739905141087392
2012-05-31,0.003870986493931028
2012-06-01,0.010121280979483935
2012-06-04,0.0083298143018328
2012-06-05,-0.009802625839972462
2012-06-06,-0.021851630958645063
2012-06-07,0.009618190326375592
2012-06-08,0.0005928212402741828
2012-06-11,0.022456795883451647
2012-06-12,-0.008820444543763628
2012-06-13,0.003835229846680638
2012-06-14,-0.010384085837006979
2012-06-15,-0.010399088522816569
2012-06-18,0.007151438123102816
2012-06-19,-0.023764989238828804
2012-06-20,-0.005703613932604545
2012-06-21,0.020711908179533806
2012-06-22,-0.009259072684422526
2012-06-25,0.02233906066707783
2012-06-26,-0.0007587817836978705
2012-06-27,-0.013004069971219057
2012-06-28,0.013612639379851604
2012-06-29,-0.013100036160255846
2012-08-01,0.0041337712207868
2012-08-02,0.0008973721149476699
2012-08-03,-0.007309431920881959
2012-08-06,-0.01137167689460919
2012-08-07,0.0008929721306066563
2012-08-08,0.0032855006933880104
2012-08-09,0.002255402143329893
2012-08-10,-0.0025842084035849755
2012-08-13,-0.01611470132586787
2012-08-14,0.0012977024546791949
2012-08-15,-0.007950758865099244
2012-08-16,0.011269276740662637
2012-08-17,-0.0037429725958203763
2012-08-20,-0.013085703517626335
2012-08-21,0.004081983057641597
2012-08-22,-0.009709272239774747
2012-08-23,0.0063282006505883115
2012-08-24,-0.002565075828730168
2012-08-27,0.0028967907264459136
2012-08-28,0.003296227466380086
2012-08-29,-0.0014781205577087397
2012-08-30,0.004072435957534787
2012-08-31,-0.0026366936820563236
2012-09-04,0.002114491625085538
2012-09-05,0.0040989552367927395
2012-09-06,-0.011751582949350081
2012-09-07,-0.021680227255315154
2012-09-10,0.01755891935658299
2012-09-11,-0.017328990345403167
2012-09-12,-0.0042630755686957345
2012-09-13,-0.013632508730208687
2012-09-14,-0.00995590122015938
2012-09-17,0.00905465162204816
2012-09-18,0.0038237099433044708
2012-09-19,-0.0026825434712957896
2012-09-20,0.017670772172349164
2012-09-21,-0.006555923560527199
2012-09-24,0.004387345137454091
2012-09-25,0.014924471731500938
2012-09-26,0.011425760986870065
2012-09-27,-0.0225456239107949
2012-09-28,0.0039730532847016
2012-11-01,0.006696194761204955
2012-11-02,-0.009712795048633566
2012-11-05,0.0021569524151948405
2012-11-06,-0.021492220355038644
2012-11-07,0.01759038097868848
2012-11-08,0.008412978257861359
2012-11-09,0.0031998462817536544
2012-11-12,-0.011342652921378676
2012-11-13,0.01904958423929279
2012-11-14,-0.01542210029034738
2012-11-15,-0.008093703746794717
2012-11-16,-0.0074346288389335324
2012-11-19,-0.005092114182208229
2012-11-20,-0.0018490479189345044
2012-11-21,-0.02688335585940313
2012-11-23,0.00887575572217808
2012-11-26,-0.012487494566712082
2012-11-27,-0.0006473422351923608
2012-11-28,0.0009949149903613619
2012-11-29,0.00880316637398057
2012-11-30,0.020860427502474826
2012-12-03,0.020941471149825006
2012-12-04,-0.021220494588984784
2012-12-05,-0.009925651161770549
2012-12-06,0.0124464480250914
2012-12-07,-0.0013197967862299265
2012-12-10,-0.003784335771704589
2012-12-11,-0.011639333859117473
2012-12-12,0.0026726532851629736
2012-12-13,0.002400405449769716
2012-12-14,-0.017167420370519743
2012-12-17,-0.006341133835387619
2012-12-18,-0.00565234194660319
2012-12-19,-0.014168389423500322
2012-12-20,-0.017665584249173943
2012-12-21,0.02793265653822527
2012-12-24,-0.010226968298207184
2012-12-26,-0.0027233364209287847
2012-12-27,0.002560747663343438
2012-12-28,-0.01149744823020557
2012-12-31,0.01220258958107523
2013-01-02,0.007500429383563234
2013-01-03,0.0009700426061423906
2013-01-04,-0.012908380553274229
2013-01-07,0.008479259909905168
2013-01-08,-0.0031177875932576204
2013-01-09,-0.014928875951748438
2013-01-10,0.008678946494625611
2013-01-11,0.00973741261651731
2013-01-14,-0.001625330849050699
2013-01-15,-0.012055114731246375
2013-01-16,0.003552295763490948
2013-01-17,0.002234294789844743
2013-01-18,-0.027185905403720928
2013-01-22,-0.004161793039755446
2013-01-23,0.04574687081930501
2013-01-24,0.06890527900429616
2013-01-25,0.03356655715588214
2013-01-28,0.007484365152656963
2013-01-29,0.00693577610298815
2013-01-30,-0.025167861190132784
2013-01-31,-0.0019300796845029278
2013-02-01,-0.02125835249825875
2013-02-04,0.001042224562548849
2013-02-05,-0.003114568461686118
2013-02-06,-0.0017121231596393394
2013-02-07,0.006906212597091704
2013-02-08,0.0009476422712215715
2013-02-11,0.0012226915359248858
2013-02-12,-0.000803500250301098
2013-02-13,0.002533042443938982
2013-02-14,-0.002621849760795908
2013-02-15,0.004763543757441452
2013-02-19,-0.009747215001802284
2013-02-20,0.00664132851373192
2013-02-21,0.007774016979893411
2013-02-22,-0.013364587335633754
2013-02-25,0.017400486523762693
2013-02-26,-0.015087296768854008
2013-02-27,-0.007864106980817631
2013-02-28,-0.0018594974479867465
2013-03-01,0.001904012282460588
2013-03-04,0.015119812800219873
2013-03-05,-0.00555150013771083
2013-03-06,-0.01584086455236841
2013-03-07,-0.009684054955678062
2013-03-08,0.0029160584081832364
2013-03-11,-0.0014862877863457413
2013-03-12,0.0020672614068066864
2013-03-13,-0.011470157517800339
2013-03-14,0.00799640864908846
2013-03-15,-0.020099799715423083
2013-03-18,0.0006077159009494071
2013-03-19,0.01896209261920448
2013-03-20,-0.0027054885775629756
2013-03-21,0.021431885454790828
2013-03-22,0.018458121229121605
2013-03-25,0.0026935225561870724
2013-03-26,0.0010983480179906357
2013-03-27,9.612823001467485e-05
2013-03-28,0.018553179896290378
2013-05-01,0.04091007832735134
2013-05-02,0.015173224492440879
2013-05-03,0.01527872888079329
2013-05-06,-0.03394522849022555
2013-05-07,-0.0055237675907962025
2013-05-08,-0.0041870216549727
2013-05-09,0.008688354424955413
2013-05-10,0.011001022778807018
2013-05-13,0.006723578818576076
2013-05-14,0.001099472633767945
2013-05-15,0.008064863918798543
2013-05-16,-0.0334590729300282
2013-05-17,0.011836194496783664
2013-05-20,-0.003495424707043504
2013-05-21,-0.005151355909067623
2013-05-22,-0.016674847865740333
2013-05-23,0.0059746626947565495
2013-05-24,-0.001062897627628151
2013-05-28,-0.014386103718044135
2013-05-29,-0.0181706424322248
2013-05-30,-0.004149572057061207
2013-05-31,0.012082957041677223
2013-06-03,-0.015145307757301324
2013-06-04,0.0016364227369792816
2013-06-05,-0.004571899131515844
2013-06-06,0.013960772896885021
2013-06-07,0.000552118948541902
2013-06-10,-0.012313618673545496
2013-06-11,0.001451693190730352
2013-06-12,0.004142647664460625
2013-06-13,0.008036769214310846
2013-06-14,0.0023256102050819016
2013-06-17,-0.006898791799892501
2013-06-18,0.005304259700589675
2013-06-19,-0.0023755042167759033
2013-06-20,-0.0070529484048225954
2013-06-21,0.016991206401157477
2013-06-24,0.004203564965669565
2013-06-25,0.006156288363905693
2013-06-26,0.0019352897905837996
2013-06-27,-0.01803498161873715
2013-06-28,-0.007218916879437265
2013-08-01,0.01735393766481998
2013-08-02,0.001528310049782322
2013-08-05,0.012658253168821743
2013-08-06,-0.007890537922681684
2013-08-07,-0.007447389085204148
2013-08-08,0.007920429393409367
2013-08-09,-0.0030641110574217145
2013-08-12,-0.0019823310983790032
2013-08-13,1.7849970119582226e-05
2013-08-14,-0.00913756901547308
2013-08-15,-0.003093014341989747
2013-08-16,0.009156374072193135
2013-08-19,-0.0058641589602685396
2013-08-20,0.0032927624069297168
2013-08-21,0.01639475138861024
2013-08-22,0.004891456460732746
2013-08-23,-0.010068209902974135
2013-08-26,0.00803985106271371
2013-08-27,-0.014861349958025932
2013-08-28,0.007870310790238116
2013-08-29,0.010132808730098558
2013-08-30,0.0290228633355675
2013-10-01,0.005238458503885682
2013-10-02,0.0009566352049015792
2013-10-03,0.0007057711605681083
2013-10-04,0.010464597857916175
2013-10-07,-0.0015123767227291363
2013-10-08,-0.026846051420517048
2013-10-09,-0.007007018018979461
2013-10-10,0.019851872157423955
2013-10-11,-0.000925010473975002
2013-10-14,0.015034646372497601
2013-10-15,0.002158700461722951
2013-10-16,0.009009213067994848
2013-10-17,0.01102761163904828
2013-10-18,-0.04882712616413587
2013-10-21,-0.005125055369802317
2013-10-22,-0.028669843550942736
2013-10-23,-0.020327281593441243
2013-10-24,0.009562332310893873
2013-10-25,0.009312368582787917
2013-10-28,-0.017250062732680926
2013-10-29,-0.006204756340957102
2013-10-30,-0.00814019549698039
2013-10-31,0.00632236509729911
2013-11-01,0.0035237899555540858
2013-11-04,-0.003950675988337898
2013-11-05,0.0016433218117548054
2013-11-06,-0.01934456326179168
2013-11-07,-0.016134421494647472
2013-11-08,0.007775326872101973
2013-11-11,0.004326391441411448
2013-11-12,-0.00848304127204566
2013-11-13,0.010631929577086835
2013-11-14,0.010060382977512938
2013-11-15,-0.0030093513533319405
2013-11-18,-0.007463266636571736
2013-11-19,-0.005693436483364955
2013-11-20,0.00019604657508415224
2013-11-21,0.01330074343220905
2013-11-22,-0.00340692530666184
2013-11-25,0.0026902213391677976
2013-11-26,0.00871093874341844
2013-11-27,0.009647716478167229
2013-11-29,0.0043154368336527915
2014-01-02,0.0038475897557294974
2014-01-03,0.0023881090555011864
2014-01-06,-0.0031777542185174035
2014-01-07,-0.0034791542644276308
2014-01-08,0.005268599591474188
2014-01-09,-0.0024888681285311076
2014-01-10,0.004945336622318053
2014-01-13,0.006920373721802542
2014-01-14,0.014128000074798364
2014-01-15,0.00471917269055569
2014-01-16,-0.006910032084067652
2014-01-17,-0.0035201603065929676
2014-01-21,-0.006042843838506756
2014-01-22,-0.012603609100815788
2014-01-23,0.040080507554881295
2014-01-24,-0.007149359565052832
2014-01-27,-0.009712826445521405
2014-01-28,0.042919647668659466
2014-01-29,-0.007482746854980682
2014-01-30,0.009456789711238062
2014-01-31,0.011039887620269723
2014-02-03,-0.00932702314843657
2014-02-04,0.01050899457859187
2014-02-05,-0.0029543680712331715
2014-02-06,-0.004526049204869098
2014-02-07,0.009378856126530666
2014-02-10,0.016159490613451767
2014-02-11,0.0016245791178722607
2014-02-12,0.0030065289935911955
2014-02-13,0.008035181192204501
2014-02-14,-0.014152547000263539
2014-02-18,0.006815828539082025
2014-02-19,-0.003980334815929143
2014-02-20,-0.0013634417594508897
2014-02-21,0.00562385459495971
2014-02-24,0.0031080179740822886
2014-02-25,-0.005650798492259624
2014-02-26,-0.005448953619709674
2014-02-27,0.011480339318357924
2014-02-28,-0.011505405765529698
2014-03-03,0.0005488820327503533
2014-03-04,0.006117893648283969
2014-03-05,0.008915349602435252
2014-03-06,-0.006388728412581802
2014-03-07,0.003506434837651761
2014-03-10,-0.00781803617305743
2014-03-11,-0.013042903466062983
2014-03-12,0.007234181029101649
2014-03-13,-0.009765601573650183
2014-03-14,-0.0010362439715242205
2014-03-17,-0.005296686959142694
2014-03-18,0.00889036193073458
2014-03-19,0.01499023069393113
2014-03-20,-0.001982138064161987
2014-03-21,-0.012567545073940001
2014-03-24,-0.027657023870776065
2014-03-25,-0.0032135834169759727
2014-03-26,-0.020348856905312653
2014-03-27,-0.011236013277325308
2014-03-28,-0.007444384288968876
2014-03-31,-0.0016923419957463946
2014-04-01,0.010361206811509267
2014-04-02,-0.006403591789233466
2014-04-03,-0.010022871351404982
2014-04-04,-0.016954769156571372
2014-04-07,-0.0012120177173604587
2014-04-08,-0.0007693324128185793
2014-04-09,0.009781580793136358
2014-04-10,-0.023862873106988248
2014-04-11,-0.01587689066993438
2014-04-14,-0.0006115506072297722
2014-04-15,0.004628838405028391
2014-04-16,-0.005717672667459952
2014-04-17,-0.0019931621525385076
2014-04-21,0.02475333615719695
2014-04-22,0.028648635926971866
2014-04-23,-0.011894321474667359
2014-04-24,0.003254861031757472
2014-04-25,-0.0315266701211328
2014-04-28,-0.010968644221534873
2014-04-29,-0.00039961318231072234
2014-04-30,0.009026035698267277
2014-05-01,0.023223274572608282
2014-05-02,-0.0018351546692684235
2014-05-05,0.012467573552867229
2014-05-06,-0.026288014947861992
2014-05-07,-0.02586547190625541
2014-05-08,-0.006600555223296679
2014-05-09,-0.003708291256421182
2014-05-12,0.034908284849598605
2014-05-13,-0.004154825631256598
2014-05-14,0.0015404469736581602
2014-05-15,-0.0013071071835090379
2014-05-16,0.005080984059594717
2014-05-19,0.027112929260711804
2014-05-20,0.006007285864754986
2014-05-21,0.00250476443703338
2014-05-22,0.010668042786244959
2014-05-23,0.008245971904712057
2014-05-27,0.009091346269603352
2014-05-28,-0.005857548441103
2014-05-29,0.01202084845211786
2014-05-30,-0.012703207952952057
2014-07-01,0.021291823854106818
2014-07-02,-0.005520017697503943
2014-07-03,-0.007245617400096171
2014-07-07,-0.010283184504297481
2014-07-08,-0.027207440965855725
2014-07-09,0.003330037008272125
2014-07-10,0.007925749358594004
2014-07-11,0.0068302785001556725
2014-07-14,0.0205459948802837
2014-07-15,-0.011982318398842652
2014-07-16,0.005901893301277749
2014-07-17,-0.006728301872822787
2014-07-18,-0.028462948166067738
2014-07-21,0.004749848867571793
2014-07-22,-0.007737944747583069
2014-07-23,0.004785103430974692
2014-07-24,0.012210782371431297
2014-07-25,0.006117729494630408
2014-07-28,0.0004123782466796793
2014-07-29,0.011577298226764366
2014-07-30,0.015511915456924721
2014-07-31,-0.004026422676325048
2014-08-01,0.0001985411634911278
2014-08-04,0.005192491125135822
2014-08-05,0.01394435469794586
2014-08-06,-0.003921400485198134
2014-08-07,0.014319788246429477
2014-08-08,-0.0016819885784445715
2014-08-11,0.0002722450297175439
2014-08-12,-0.01264963839902027
2014-08-13,0.0005082895012741948
2014-08-14,0.006174215720010758
2014-08-15,-0.00021000021528012585
2014-08-18,0.00650302376799261
2014-08-19,0.00645248736305375
2014-08-20,0.0008902359082617159
2014-08-21,-0.008538254158256754
2014-08-22,0.02249431827080908
2014-08-25,-0.008113874558271972
2014-08-26,0.00802519069887988
2014-08-27,-0.005930167026938027
2014-08-28,-0.009187685842111848
2014-08-29,0.0038400490818681675
2014-10-01,-0.009231073072250642
2014-10-02,0.0055365647684151535
2014-10-03,-0.00029543189909224735
2014-10-06,0.0018538474379399036
2014-10-07,-0.004719083709537263
2014-10-08,-0.004308107229186576
2014-10-09,-0.018937847085946015
2014-10-10,-0.0313256570175371
2014-10-13,0.0032305457184756757
2014-10-14,-0.008300854788548806
2014-10-15,0.007255218537884401
2014-10-16,-0.04041352646065537
2014-10-17,0.003994386849109712
2014-10-20,-0.0066749047133768166
2014-10-21,0.010643009137209567
2014-10-22,-0.004484890201961011
2014-10-23,0.0068054448990577665
2014-10-24,-0.020038867669958656
2014-10-27,-0.007806266657318562
2014-10-28,0.013928964067879381
2014-10-29,-0.013965648728199566
2014-10-30,-0.003030910774915685
2014-10-31,0.017970056187761197
2014-11-03,0.00021296805781746432
2014-11-04,-0.015368964210783131
2014-11-05,-0.009176280102209763
2014-11-06,0.00601335055325658
2014-11-07,-0.00661804009411513
2014-11-10,0.0009147997799642705
2014-11-11,-0.0037307758641478292
2014-11-12,-0.002681562857600728
2014-11-13,-0.019563504385591384
2014-11-14,0.008216794813036455
2014-11-17,-0.010665961113321146
2014-11-18,0.0035907614600322766
2014-11-19,-0.030174514382865985
2014-11-20,0.0020206524531890986
2014-11-21,0.0005490205500156883
2014-11-24,0.004324038994120304
2014-11-25,0.001822232150257386
2014-11-26,0.0070337462500635
2014-11-28,-0.01974724634897764
2015-01-02,0.009247753309575474
2015-01-05,-0.011040477289126473
2015-01-06,-0.014144852079811645
2015-01-07,-0.01241218526228516
2015-01-08,0.013428097584593955
2015-01-09,0.007956432253287416
2015-01-12,-0.012599130977740148
2015-01-13,0.005172961316950376
2015-01-14,0.008753898356669176
2015-01-15,-0.025198873859540227
2015-01-16,0.005132510041364835
2015-01-20,0.0010718957960481612
2015-01-21,0.05613239986857008
2015-01-22,-0.0005091380105172209
2015-01-23,0.03525898451119407
2015-01-26,0.018927135564984023
2015-01-27,0.012971347616422758
2015-01-28,-0.0015612468806565534
2015-01-29,-0.004703640854157888
2015-01-30,-0.004955195152399282
2015-04-01,-0.008989789048028383
2015-04-02,-0.0034695337392624207
2015-04-06,0.0041001946549245275
2015-04-07,0.007476224861529145
2015-04-08,0.011387162369578598
2015-04-09,0.00146397432485208
2015-04-10,0.00988048686298646
2015-04-13,0.009562306105796534
2015-04-14,-0.012232509256558522
2015-04-15,0.007276577188934286
2015-04-16,0.03667589804840004
2015-04-17,-0.022726253367756577
2015-04-20,-0.005368090215312215
2015-04-21,-0.00785347551719731
2015-04-22,-0.0027522188397391747
2015-04-23,0.008630149030263401
2015-04-24,-0.007471286539531753
2015-04-27,0.013674600042185014
2015-04-28,-0.00917099586769583
2015-04-29,0.01954950393915516
2015-04-30,-0.01170981438859724
2015-05-01,0.005234535088779805
2015-05-04,-0.014134667387230881
2015-05-05,0.004301332517224155
2015-05-06,0.0015373687816404133
2015-05-07,0.01826546672373057
2015-05-08,-0.011991337500497056
2015-05-11,0.009860022874156394
2015-05-12,0.005271537153115613
2015-05-13,0.0009661952505187088
2015-05-14,0.0018631458692365721
2015-05-15,0.0010997593959314101
2015-05-18,0.007766705406536701
2015-05-19,-0.013176608076317686
2015-05-20,0.006018055472252161
2015-05-21,0.010201453907601589
2015-05-22,0.013089845365971332
2015-05-26,-0.006971065000183163
2015-05-27,0.020649273570169015
2015-05-28,-0.005530494343641435
2015-05-29,0.01918494922505227
2015-07-01,-0.0017483982111650427
2015-07-02,0.014438228244001273
2015-07-06,-0.010683335811113491
2015-07-07,-0.045179562458649604
2015-07-08,-0.011144087161765204
2015-07-09,-0.0015061441259895947
2015-07-10,0.006552756119285895
2015-07-13,-0.0009341332966035232
2015-07-14,0.01692071419007699
2015-07-15,-0.01731916570176928
2015-07-16,0.03489078297136337
2015-07-17,-0.0072454919485146485
2015-07-20,-0.0056825082453114024
2015-07-21,0.010982529723784596
2015-07-22,-0.008210068095502064
2015-07-23,-0.00461314558721031
2015-07-24,0.016224173474009708
2015-07-27,-0.017114010312175278
2015-07-28,0.013568611004342769
2015-07-29,0.018321884264314515
2015-07-30,0.01340432727284229
2015-07-31,0.0015704759848929497
2015-08-03,0.021527526649592316
2015-08-04,0.00451187506272741
2015-08-05,0.007056356896701987
2015-08-06,-0.005189632965677072
2015-08-07,-0.007628039852313728
2015-08-10,-0.012621164189748992
2015-08-11,-0.0010593983593184969
2015-08-12,-0.006416645480391581
2015-08-13,-0.003560133834886026
2015-08-14,0.004533665314766934
2015-08-17,0.005825149180240174
2015-08-18,-0.00899132451334499
2015-08-19,0.000968444170969594
2015-08-20,-0.042621692266362886
2015-08-21,0.011487588482495426
2015-08-24,-0.0018974179941120065
2015-08-25,0.012639117000858137
2015-08-26,0.026949018991701792
2015-08-27,0.03207186043177273
2015-08-28,0.015599113225900709
2015-08-31,-0.008832622239619468
2015-09-01,-0.02904260140971241
2015-09-02,0.007582326693620936
2015-09-03,-0.006517137041460064
2015-09-04,0.0015684911529825433
2015-09-08,0.00678608932246363
2015-09-09,0.010203711783280478
2015-09-10,0.0032336583714077213
2015-09-11,0.01461572764846293
2015-09-14,-0.02077310129147585
2015-09-15,0.008728098769936255
2015-09-16,0.002601566654660715
2015-09-17,0.0011573021564777355
2015-09-18,0.002549042618100384
2015-09-21,-0.023664253755490236
2015-09-22,-0.01208037232354009
2015-09-23,-0.002631017286093851
2015-09-24,0.0035131234532162384
2015-09-25,-0.009911311535348166
2015-09-28,-0.029915695239191884
2015-09-29,-0.007563815147393304
2015-09-30,0.02387871803021313
2015-10-01,0.017904934744343366
2015-10-02,0.009410289704324228
2015-10-05,-0.005168142580877657
2015-10-06,-0.016902749288169372
2015-10-07,0.0022588984821200198
2015-10-08,0.0016645555849544883
2015-10-09,-0.00039409465120538974
2015-10-12,-0.0020195290631915596
2015-10-13,-0.00017532941931692808
2015-10-14,0.012960806225925926
2015-10-15,-0.004977577437691828
2015-10-16,-0.009728395801504265
2015-10-19,0.006123485643509952
2015-10-20,-0.009918193257808383
2015-10-21,0.004027916995451176
2015-10-22,-0.016410308332076216
2015-10-23,0.035375454655657904
2015-10-26,-0.00564408103470686
2015-10-27,-0.004489974006081021
2015-10-28,0.016515737765564184
2015-10-29,-0.015195073338999412
2015-10-30,0.013869131960592874
2015-12-01,0.003691356811592142
2015-12-02,0.003365627490206414
2015-12-03,0.01853869623953184
2015-12-04,0.005705465455974057
2015-12-07,-0.005188437369675116
2015-12-08,0.015517582708744993
2015-12-09,-0.01119248948601681
2015-12-10,0.008870208550853255
2015-12-11,-0.016558964023492086
2015-12-14,-0.006749581535641024
2015-12-15,-0.0130305839815954
2015-12-16,0.014013928302005678
2015-12-17,0.0033528092589004688
2015-12-18,0.0015915262678327232
2015-12-21,0.008415238953244896
2015-12-22,0.007786962551780512
2015-12-23,0.0026483146173028596
2015-12-24,0.00667791777529101
2015-12-28,0.007156723095992624
2015-12-29,0.0047131656164672645
2015-12-30,-0.0039761128859608025
2015-12-31,-0.008130161997255648
2016-01-04,-0.020348149579340412
2016-01-05,-0.017464242416971247
2016-01-06,-6.550833995662116e-05
2016-01-07,-0.037965529376474974
2016-01-08,-0.010558492853943948
2016-01-11,0.024356789674926205
2016-01-12,0.010282010753614148
2016-01-13,-0.03237859788137132
2016-01-14,0.0038391957141719053
2016-01-15,-0.026974433043932655
2016-01-19,-0.01090404569837784
2016-01-20,-0.003193244950341655
2016-01-21,0.017446103240915938
2016-01-22,-0.006754200552425151
2016-01-25,0.0013824190938010554
2016-01-26,-0.011887283853835064
2016-01-27,-0.02187715448991192
2016-01-28,-0.011284902606665285
2016-01-29,-0.015962370166442152
2016-03-01,0.02715194532295436
2016-03-02,0.00693907565563412
2016-03-03,0.007911538044304112
2016-03-04,0.002037099499512431
2016-03-07,-0.0101872134124541
2016-03-08,-0.02402201252693073
2016-03-09,-0.0021249592826843022
2016-03-10,0.0010490348313533686
2016-03-11,0.03231234526951896
2016-03-14,0.020349273324461438
2016-03-15,-0.017195738222815903
2016-03-16,0.017789914533064468
2016-03-17,-0.0012715724102541522
2016-03-18,0.01651446043373721
2016-03-21,-0.0070531893787224575
2016-03-22,0.005966896477893258
2016-03-23,-0.0038446057450667965
2016-03-24,0.009005969547281877
2016-03-28,0.006709105676922222
2016-03-29,0.01244368352312102
2016-03-30,0.0007598656287210789
2016-03-31,-0.003263138893426065
2016-04-01,0.007681939084505573
2016-04-04,-0.007445371436908044
2016-04-05,-0.0023177842703336
2016-04-06,0.003899017883214207
2016-04-07,-0.012703173442919602
2016-04-08,0.0025560123135422545
2016-04-11,0.006337749666889648
2016-04-12,0.011867105484133457
2016-04-13,0.018596879857828093
2016-04-14,0.003923511496776144
2016-04-15,-0.0013279812568838933
2016-04-18,-0.00011715055758505571
2016-04-19,-0.034512064190791045
2016-04-20,0.03181613621801387
2016-04-21,0.0007764217729281156
2016-04-22,0.10216245570738182
2016-04-25,-0.03242124303082441
2016-04-26,-6.915384178949268e-05
2016-04-27,-0.0038495825142047975
2016-04-28,-0.0029847338842066374
2016-04-29,0.013978863803954546
2016-06-01,-0.009457132310943396
2016-06-02,-0.008335976076863425
2016-06-03,-0.0022176329697365157
2016-06-06,0.013663047405535077
2016-06-07,0.0028750653336633287
2016-06-08,-0.017117711815542537
2016-06-09,0.004584009823483814
2016-06-10,-0.024021714087944405
2016-06-13,0.01278331662249601
2016-06-14,-0.0008671891133093636
2016-06-15,0.005765802298666434
2016-06-16,0.014636771565839937
2016-06-17,0.015802148849173994
2016-06-20,-0.004844202913233797
2016-06-21,0.0012944624497440048
2016-06-22,-0.016413365487940524
2016-06-23,0.017562444960743443
2016-06-24,-0.024343760067119267
2016-06-27,-0.018651472822370563
2016-06-28,0.026985725630635705
2016-06-29,0.010807855900246466
2016-06-30,-0.008098092712908579
2016-07-01,0.010015620875611968
2016-07-05,-0.009789318397710712
2016-07-06,0.0026892408690359685
2016-07-07,0.004673474207816497
2016-07-08,0.01415980867306086
2016-07-11,-0.005282795256595429
2016-07-12,0.015875778877554717
2016-07-13,-0.007405456976041669
2016-07-14,0.00652606536062963
2016-07-15,-0.00244143115340183
2016-07-18,0.01969910142826286
2016-07-19,-0.029513032706247187
2016-07-20,0.012368131704762565
2016-07-21,-0.016039817203363803
2016-07-22,0.021536095150766463
2016-07-25,0.042672489934604735
2016-07-26,0.04018470484795733
2016-07-27,0.01475069489607872
2016-07-28,-0.009615662434322037
2016-07-29,0.004337126465389884
2016-09-01,0.001125587667988102
2016-09-02,-0.0025468628603070977
2016-09-06,-0.0016180382044533876
2016-09-07,-0.015327167563802434
2016-09-08,-0.013378067038296602
2016-09-09,-0.01201283574662357
2016-09-12,-0.001269051087514672
2016-09-13,-0.007127901634036669
2016-09-14,0.014192480734305415
2016-09-15,0.0014551537927760096
2016-09-16,0.011549739013693938
2016-09-19,0.0005804456841032037
2016-09-20,-0.005043663330289872
2016-09-21,0.0021438393702249755
2016-09-22,-0.00010618651071707679
2016-09-23,0.008318755452330474
2016-09-26,-0.010147146726654508
2016-09-27,0.019582949314421866
2016-09-28,0.0018890320062134873
2016-09-29,0.01875079305387573
2016-09-30,0.011659143452167607
2016-10-03,0.010863322109115791
2016-10-04,0.014646677999521707
2016-10-05,-0.005239318438830033
2016-10-06,0.005114285131999962
2016-10-07,-0.009669678334602905
2016-10-10,0.0118390580201452
2016-10-11,-0.019453926460115057
2016-10-12,-0.0039400193388722474
2016-10-13,-0.011051463711493214
2016-10-14,0.025579923894786007
2016-10-17,-0.00681590118717108
2016-10-18,0.04565143403647408
2016-10-19,0.014529556098038566
2016-10-20,0.01555867792416206
2016-10-21,-0.005112002784315851
2016-10-24,0.022385749697291017
2016-10-25,0.012178902677796153
2016-10-26,-0.001066382021260503
2016-10-27,-0.004032917661011724
2016-10-28,-0.0002862234372784212
2016-10-31,-0.001055688615994277
2016-11-01,-0.005460489641970624
2016-11-02,-0.01097728885326368
2016-11-03,-0.007315097957132633
2016-11-04,0.002629515363759215
2016-11-07,0.0239759682580599
2016-11-08,-0.0031650755601357883
2016-11-09,0.021059827879655945
2016-11-10,-0.015882425346090592
2016-11-11,0.08146921278676535
2016-11-14,-0.004244705227354517
2016-11-15,0.011505827954661152
2016-11-16,0.031353728108354836
2016-11-17,0.032528277012231356
2016-11-18,0.024050368972520355
2016-11-21,-0.001432908398719945
2016-11-22,-0.009952009455188883
2016-11-23,0.0023742604775661264
2016-11-25,-0.008113077218596844
2016-11-28,-0.007722099050855236
2016-11-29,-0.0007219337022575267
2016-11-30,0.012077645821803063
2016-12-01,-0.02410447017200455
2016-12-02,0.015149431919373343
2016-12-05,0.0068784058363861485
2016-12-06,0.03232148369318347
2016-12-07,-0.006915981447567087
2016-12-08,0.014411381544910886
2016-12-09,-0.008083473856386992
2016-12-12,-0.0055752413169915865
2016-12-13,-0.001386414691811977
2016-12-14,0.01584059850993007
2016-12-15,0.022125941251495165
2016-12-16,-0.0013726742197318624
2016-12-19,0.012814884749677714
2016-12-20,0.017378333658506384
2016-12-21,0.004105184191469769
2016-12-22,-0.0007406327827278007
2016-12-23,0.005773440189874069
2016-12-27,0.02840926050938506
2016-12-28,-0.024078966013750706
2016-12-29,0.003655864690827837
2016-12-30,-0.010449366031342498
2017-02-01,0.04199898946503022
2017-02-02,-0.000611116884053397
2017-02-03,0.005950592878465754
2017-02-06,0.034098669773822095
2017-02-07,0.0037289651554286425
2017-02-08,0.00018538111075914218
2017-02-09,-0.007601989911996232
2017-02-10,0.0006513351751827654
2017-02-13,-0.016187627290045126
2017-02-14,-0.007241104932475895
2017-02-15,0.0014234582254851968
2017-02-16,-0.011680232890961317
2017-02-17,0.008443683749974173
2017-02-21,0.014892656952112216
2017-02-22,0.00587044532283334
2017-02-23,-0.020595412804416614
2017-02-24,-0.008296940787340846
2017-02-27,0.021878564816456985
2017-02-28,-0.01840548005678544
2017-03-01,0.002428212984041428
2017-03-02,-0.02561689737834607
2017-03-03,-0.010000080471350637
2017-03-06,0.0025212638431461936
2017-03-07,0.004888278694319759
2017-03-08,0.011872182688935973
2017-03-09,0.0006643813348804928
2017-03-10,0.009758260647039064
2017-03-13,0.015749990334306886
2017-03-14,0.00021236302213774013
2017-03-15,-0.00483969137186413
2017-03-16,0.001458981410823679
2017-03-17,-0.0021075809497656424
2017-03-20,0.020524412221013158
2017-03-21,-0.021852597685937482
2017-03-22,0.005130925206477243
2017-03-23,-0.0060124102365225925
2017-03-24,-0.0007836735856247002
2017-03-27,0.006070960093236445
2017-03-28,0.003004210014725861
2017-03-29,0.00397556960473675
2017-03-30,0.010743829460029986
2017-03-31,0.0049791292479437034
2017-04-03,-0.0034974049822723164
2017-04-04,-0.030374979402093508
2017-04-05,-0.006350798640371026
2017-04-06,-0.009883688467911877
2017-04-07,0.0020322233877576373
2017-04-10,-0.013029283106269276
2017-04-11,0.003700121546434465
2017-04-12,-0.013710290264319715
2017-04-13,-0.010092545723998826
2017-04-17,0.021938697813545634
2017-04-18,-0.007473477036210109
2017-04-19,0.0025831963533179407
2017-04-20,0.008922898635694378
2017-04-21,-0.0033866187246984533
2017-04-24,0.0168376062718917
2017-04-25,0.023181975828950405
2017-04-26,-0.00633317118001786
2017-04-27,0.00011053377517948951
2017-04-28,-0.012256086286306235
2017-06-01,-0.0014520480308881335
2017-06-02,-0.007898046541608373
2017-06-05,0.01597850937697065
2017-06-06,0.012428563622018518
2017-06-07,0.01245622204941945
2017-06-08,0.03921534608711719
2017-06-09,-0.013727722011159349
2017-06-12,-0.0074839740640820765
2017-06-13,-0.0008878123556785853
2017-06-14,-0.004380927061730478
2017-06-15,-0.009141500429522132
2017-06-16,0.00042825936994375126
2017-06-19,0.015934061701221136
2017-06-20,0.01471299388195304
2017-06-21,0.02327918684674746
2017-06-22,0.006222455747540523
2017-06-23,-0.010840972938879865
2017-06-26,-0.0022053455087327483
2017-06-27,-0.010978733657113127
2017-06-28,0.005349844905912238
2017-06-29,-8.909131964941665e-06
2017-06-30,-0.00992015615368227
2017-07-03,-0.012799290648076072
2017-07-05,0.018587803986868545
2017-07-06,0.006014019597998743
2017-07-07,0.00884088318206735
2017-07-10,0.015140864699607185
2017-07-11,-0.00011354272357333439
2017-07-12,0.015106597617531926
2017-07-13,-0.017831547369933733
2017-07-14,0.009569280708944961
2017-07-17,-0.006216600294928255
2017-07-18,0.019440756516682534
2017-07-19,-0.0022028562259958973
2017-07-20,0.0056484292614001445
2017-07-21,0.004984134829267073
2017-07-24,-0.0016883359715192058
2017-07-25,0.004436097072082901
2017-07-26,0.016029748416544632
2017-07-27,-0.025292185640524073
2017-07-28,0.0006041078471134666
2017-07-31,-0.004701149908288338
2017-08-01,-0.0022250594511148236
2017-08-02,-0.0026776890870322317
2017-08-03,-0.0012445264606298473
2017-08-04,-0.007672136813751696
2017-08-07,0.017658342873820218
2017-08-08,-0.011204833458561537
2017-08-09,-0.008783067566049144
2017-08-10,-0.02695276358696493
2017-08-11,-0.0018264011095156186
2017-08-14,0.023609213171088397
2017-08-15,0.0007150316087816797
2017-08-16,-0.005168976889942179
2017-08-17,-0.010080795641825784
2017-08-18,0.0006972381904454707
2017-08-21,-0.005019287323678091
2017-08-22,0.00591154609693869
2017-08-23,0.010487505569595303
2017-08-24,-0.0006813836647395323
2017-08-25,-0.017480609811397943
2017-08-28,0.0026109140604728687
2017-08-29,-0.0002834215073673097
2017-08-30,0.016141821976196357
2017-08-31,0.016348895950427166
2017-09-01,0.0043033304539856695
2017-09-05,-0.002203441203777446
2017-09-06,-0.0017032612642500443
2017-09-07,0.0008740584392762595
2017-09-08,-0.0134586349458955
2017-09-11,0.009933955002843175
2017-09-12,-0.005525798254748192
2017-09-13,-0.01077033233066147
2017-09-14,-5.82158253993549e-05
2017-09-15,0.013158898544080967
2017-09-18,0.016603205761599904
2017-09-19,-0.006052812918570983
2017-09-20,0.0007841113695028492
2017-09-21,-0.007446479894198731
2017-09-22,-0.006043274946813316
2017-09-25,-0.0339591255000138
2017-09-26,0.003027205818863332
2017-09-27,0.00962790142071088
2017-09-28,-0.0017238947601555532
2017-09-29,0.0031403342595168523
2017-11-01,0.011059007648301719
2017-11-02,0.002761809405694526
2017-11-03,0.03632357619426246
2017-11-06,0.020145463244163244
2017-11-07,0.010561742598309665
2017-11-08,0.003750737293170836
2017-11-09,-0.014932704524542987
2017-11-10,0.009783636796731556
2017-11-13,-0.002323589778665159
2017-11-14,-0.0008843769107137467
2017-11-15,-0.006544111241197959
2017-11-16,0.004620286194667323
2017-11-17,0.0023791256856896753
2017-11-20,-0.005939851663375051
2017-11-21,0.0004508822636543285
2017-11-22,0.00537851773271878
2017-11-24,0.0035449524092475483
2017-11-27,-0.004615258225159314
2017-11-28,-0.02242872948828716
2017-11-29,-0.0448697322016812
2017-11-30,-0.0063105290177048355
2017-12-01,-0.006232178814102648
2017-12-04,-0.03040826569105319
2017-12-05,0.000982847692981403
2017-12-06,0.0014924018491101923
2017-12-07,0.007681155855882316
2017-12-08,-0.004174587396406682
2017-12-11,0.007679266962009579
2017-12-12,-0.004260653288982797
2017-12-13,-0.0045498178365683825
2017-12-14,0.002394522294483248
2017-12-15,0.005307663079952229
2017-12-18,0.023263105879804624
2017-12-19,-0.00779319912491685
2017-12-20,-0.0004277421897851412
2017-12-21,-0.0016324407851818772
2017-12-22,-0.005802224958505087
2017-12-26,-0.00588525371759867
2017-12-27,-0.002067471556852163
2017-12-28,0.005824849462224124
2017-12-29,-0.010483026185690901
2018-02-01,-0.008302791322201514
2018-02-02,-0.001495208530544345
2018-02-05,-0.020517189999688573
2018-02-06,0.02458971502090357
2018-02-07,0.008646091863861716
2018-02-08,-0.020689548489841524
2018-02-09,0.02430295973954475
2018-02-12,-0.0005715041364765287
2018-02-13,0.005408501272077348
2018-02-14,0.028167792181628903
2018-02-15,-0.0036374050590149993
2018-02-16,-0.005427822498656632
2018-02-20,0.01969882119962714
2018-02-21,-0.010819765856255815
2018-02-22,-0.012437098903395106
2018-02-23,0.0064950998194383885
2018-02-26,0.019185675896618237
2018-02-27,0.005022895284979145
2018-02-28,-0.011937960766767338
2018-03-01,-0.007734631239918532
2018-03-02,0.017460577706809866
2018-03-05,-0.001183139725050731
2018-03-06,0.001977643141275154
2018-03-07,0.004710189225687821
2018-03-08,-0.015037027827922246
2018-03-09,0.0025257754037154353
2018-03-12,-0.003928628054670113
2018-03-13,-0.00924851353085261
2018-03-14,-0.00043780984125088096
2018-03-15,-0.010136150885507258
2018-03-16,-0.005016679871967256
2018-03-19,-0.010624254626840603
2018-03-20,0.0035353327422365413
2018-03-21,-0.0028379508123891335
2018-03-22,-0.03577186161574591
2018-03-23,-0.007695810093704524
2018-03-26,0.005340787096651311
2018-03-27,-0.042518426530009916
2018-03-28,-0.01364957669195126
2018-03-29,0.020617066940730202
2018-05-01,0.02964213875412701
2018-05-02,0.0012437969049929444
2018-05-03,0.00558767162665248
2018-05-04,0.002583356919884873
2018-05-07,0.021307040779324573
2018-05-08,0.00825414718549362
2018-05-09,0.016042028127968688
2018-05-10,1.9153684130256404e-05
2018-05-11,-0.009337910670090842
2018-05-14,0.011777017749718935
2018-05-15,-0.004376901416391844
2018-05-16,0.011300049254107413
2018-05-17,-0.0023023914454052274
2018-05-18,0.0038872713459551676
2018-05-21,-0.004643702115805937
2018-05-22,0.0028611512102938662
2018-05-23,0.009752453311755492
2018-05-24,0.002836420350425017
2018-05-25,-0.0026759291381008633
2018-05-29,-0.003721566994886526
2018-05-30,0.01083439707877245
2018-05-31,-0.0023695293750712002
2018-06-01,0.011232060236056215
2018-06-04,0.01284951110287964
2018-06-05,0.004728731304007928
2018-06-06,-0.0036931530885605975
2018-06-07,-0.024680763492921587
2018-06-08,-0.00377439133065005
2018-06-11,-0.0011361071609707896
2018-06-12,0.008011251317989056
2018-06-13,0.01682643151603671
2018-06-14,0.01649858611283186
2018-06-15,-0.0016646052919244937
2018-06-18,-0.0054485143099495025
2018-06-19,0.005868079164084583
2018-06-20,0.011190879847562707
2018-06-21,-0.0017544946790958751
2018-06-22,-0.021428560746066496
2018-06-25,-0.02717040697968962
2018-06-26,0.006373434405640688
2018-06-27,-0.022590614277245496
2018-06-28,0.013641443585486293
2018-06-29,-0.004524718076390856
2018-08-01,0.006687361895513189
2018-08-02,0.012045636686242256
2018-08-03,-0.011886783478192543
2018-08-06,0.011132520211468513
2018-08-07,0.012823327023569853
2018-08-08,-0.0007336802086727935
2018-08-09,-0.0016220473648478563
2018-08-10,-0.005964728516271589
2018-08-13,0.005711780967260683
2018-08-14,0.006052610831718729
2018-08-15,-0.020601715812788916
2018-08-16,-0.01327288643005924
2018-08-17,-0.015402408835728278
2018-08-20,0.006626960561634211
2018-08-21,0.023341446973105893
2018-08-22,0.031093553030715086
2018-08-23,0.016128864121449097
2018-08-24,0.029611003506162723
2018-08-27,0.020667261882725302
2018-08-28,0.006686041330776749
2018-08-29,0.0023096253577156835
2018-08-30,0.00013427108491028674
2018-08-31,0.004888920834937394
2018-09-04,0.012245289846625134
2018-09-05,-0.015863203274072913
2018-09-06,-0.014997108944836836
2018-09-07,0.011031616102383523
2018-09-10,0.025940787940330345
2018-09-11,-0.0065467733835836706
2018-09-12,0.01776785292978356
2018-09-13,-0.005074700586464776
2018-09-14,0.01678369706263347
2018-09-17,-0.013355050148133697
2018-09-18,0.0037464505220067496
2018-09-19,-0.009703587481581823
2018-09-20,-0.005282089023714898
2018-09-21,-0.0067731372097924675
2018-09-24,0.029973394586472926
2018-09-25,0.0019427632183751655
2018-09-26,0.008733733443148785
2018-09-27,0.008719722521034812
2018-09-28,-0.003687680969690454
2018-11-01,0.028266018989656784
2018-11-02,-0.008308582811299871
2018-11-05,-0.018235324125161333
2018-11-06,0.005654908119098546
2018-11-07,0.01747860297713153
2018-11-08,-0.016747252672046024
2018-11-09,-0.008318058748028023
2018-11-12,-0.036268991131085934
2018-11-13,0.028161193231897676
2018-11-14,0.01560024647345042
2018-11-15,0.005708966631896061
2018-11-16,-0.045951795503952696
2018-11-19,-0.06689224061660921
2018-11-20,0.026194300092128555
2018-11-21,0.0018771876413779193
2018-11-23,0.007445851025139883
2018-11-26,0.021662914275361846
2018-11-27,0.003584713651507965
2018-11-28,0.02753145402687514
2018-11-29,-0.005669877185507556
2018-11-30,0.006955365220862887
2018-12-03,0.010985578702451211
2018-12-04,-0.02028344511852726
2018-12-06,-0.004249560593940905
2018-12-07,0.0003221348098449723
2018-12-10,0.016327500613323092
2018-12-11,0.009675995962804352
2018-12-12,0.0040030476566809345
2018-12-13,0.00036022961238382225
2018-12-14,0.011003374164039383
2018-12-17,0.0012878116915026948
2018-12-18,0.002051452665541543
2018-12-19,-0.01315313931095974
2018-12-20,0.005153002423019816
2018-12-21,0.013586338818148747
2018-12-24,0.003226042798996566
2018-12-26,0.005750993216742769
2018-12-27,-0.0038802620796762003
2018-12-28,0.0034210626069540286
2018-12-31,-0.005766591201879523
2019-01-02,0.006869315484361727
2019-01-03,-0.005050524915158876
2019-01-04,-0.011039439213858021
2019-01-07,-0.0119241796553135
2019-01-08,-0.007008409389201776
2019-01-09,-0.004535545737254521
2019-01-10,-0.005864776921215032
2019-01-11,0.00474201060597874
2019-01-14,0.009823040957165775
2019-01-15,-0.030277175680818672
2019-01-16,-0.0069352574267962375
2019-01-17,0.0031039896111209934
2019-01-18,0.012383074811665054
2019-01-22,0.0001500567145019437
2019-01-23,0.003440570554072743
2019-01-24,-0.008465253106631244
2019-01-25,-0.004561118155577581
2019-01-28,-0.003657796699576773
2019-01-29,0.0021568042764126736
2019-01-30,0.005789054835960928
2019-01-31,0.01773943624520429
2019-02-01,-0.001542929336373237
2019-02-04,-0.01797287362981772
2019-02-05,-0.010711159059757969
2019-02-06,0.004248930427260977
2019-02-07,0.012653769798039895
2019-02-08,0.004236478688713018
2019-02-11,0.000498363911460475
2019-02-12,-0.0031513716572088893
2019-02-13,0.011673632638327814
2019-02-14,0.001802645429275884
2019-02-15,0.012447696156026901
2019-02-19,0.0002547412174292549
2019-02-20,1.0028997760236445e-05
2019-02-21,0.010474879142823702
2019-02-22,-0.005017322701855908
2019-02-25,-0.00209562709801483
2019-02-26,-0.003930286340766487
2019-02-27,-0.0042407201048416
2019-02-28,0.00620415135054686
2019-03-01,0.00018382243703935684
2019-03-04,-0.009882574945159494
2019-03-05,-0.0037679341300957516
2019-03-06,-0.010280114113139338
2019-03-07,-0.0013144366775135427
2019-03-08,-0.0022203672788317914
2019-03-11,0.001842906306523237
2019-03-12,0.008235680708300518
2019-03-13,-0.0053740305721422296
2019-03-14,0.0007871809008667349
2019-03-15,0.03198135491571869
2019-03-18,-0.0010647028734340979
2019-03-19,0.030854553292555004
2019-03-20,-0.02416955066514797
2019-03-21,0.015131442868478567
2019-03-22,-0.001370657951438467
2019-03-25,-0.007365627772166627
2019-03-26,0.011142764636915214
2019-03-27,-0.003300572435922987
2019-03-28,0.0010588062247260282
2019-03-29,0.0007255368728465095
2019-05-01,-0.012334072165785335
2019-05-02,0.009461461739388577
2019-05-03,-0.002871684557408028
2019-05-06,-0.0055532500410030656
2019-05-07,-0.0028134657449025114
2019-05-08,-0.005225220246674201
2019-05-09,-0.004524263711956889
2019-05-10,-0.002212626715181521
2019-05-13,-0.019633964552309705
2019-05-14,0.009167999504912762
2019-05-15,-0.0017762975122123984
2019-05-16,0.008870156163196485
2019-05-17,-0.012336753715046191
2019-05-20,-0.003772684593803914
2019-05-21,0.008320354683448206
2019-05-22,0.019918114715690743
2019-05-23,-0.012956129469733967
2019-05-24,0.007899513517567881
2019-05-28,0.02520368892054472
2019-05-29,-0.007589804494471487
2019-05-30,0.0014766533720564916
2019-05-31,-0.014603087779826175
2019-06-03,-0.030325109254270097
2019-06-04,0.023418752265950804
2019-06-05,-0.008233264735327372
2019-06-06,0.00660813654643828
2019-06-07,0.01609019171559625
2019-06-10,0.011188106410722964
2019-06-11,0.008054409178928013
2019-06-12,-0.015011237412919898
2019-06-13,0.006786635725547073
2019-06-14,-0.021801859409626867
2019-06-17,0.01022261430060396
2019-06-18,0.022186874668095102
2019-06-19,-0.0023380950336390205
2019-06-20,-2.3679588817193762e-05
2019-06-21,-0.0023001500866339343
2019-06-24,0.011437767716361135
2019-06-25,-0.009394669613325756
2019-06-26,0.02075218414252749
2019-06-27,0.004318390440642839
2019-06-28,0.004480088878963362
2019-08-01,-0.013120310146291508
2019-08-02,-0.010191214597404886
2019-08-05,0.0013993234015635646
2019-08-06,-0.010550365441672182
2019-08-07,-0.007128823566775199
2019-08-08,0.03768370219364967
2019-08-09,-0.0030089120140878176
2019-08-12,-0.01346369599840507
2019-08-13,-0.004994792565225992
2019-08-14,-0.01058966396623335
2019-08-15,-0.007507915127892394
2019-08-16,0.013242209204468967
2019-08-19,0.006060631097887705
2019-08-20,-0.0009136593388087363
2019-08-21,0.0039028600637753368
2019-08-22,0.004331717592447127
2019-08-23,-0.0015537313940775944
2019-08-26,-0.0017975574397239842
2019-08-27,-0.0020669032455803648
2019-08-28,-0.003931420772150984
2019-08-29,0.01086244769778353
2019-08-30,0.003933184590225336
2019-10-01,0.0023377199115010286
2019-10-02,0.0001501024713415071
2019-10-03,0.013050974091416956
2019-10-04,0.0006418758221390156
2019-10-07,0.00026585241121237504
2019-10-08,-0.023795839757164733
2019-10-09,0.005530320778383
2019-10-10,0.004517969682318835
2019-10-11,0.02130462431417959
2019-10-14,0.004697540781541189
2019-10-15,0.01818654261819588
2019-10-16,-0.009732491321691829
2019-10-17,-0.0015933816482559763
2019-10-18,-0.01404972540320908
2019-10-21,0.012658437480301175
2019-10-22,-0.009845538272635767
2019-10-23,-0.0008149860544539806
2019-10-24,0.019516329656314207
2019-10-25,0.01835463123359764
2019-10-28,0.019026167916200976
2019-10-29,-0.011678225823972956
2019-10-30,-0.0043239587052575235
2019-10-31,-0.004559800794663848
2019-11-01,0.0063773242849852335
2019-11-04,0.012446475226040811
2019-11-05,0.006610687392189862
2019-11-06,-0.00792530649968166
2019-11-07,0.020147488187414388
2019-11-08,0.006634476258313262
2019-11-11,-0.0035906978464266713
2019-11-12,0.005074640281720489
2019-11-13,0.004607253822026069
2019-11-14,0.00725948601359032
2019-11-15,-0.006702654984186563
2019-11-18,0.011890073827837268
2019-11-19,0.002134157357363486
2019-11-20,-0.00013503777727068506
2019-11-21,-0.013924512140645674
2019-11-22,-0.010041110498307495
2019-11-25,0.008115257928271814
2019-11-26,-0.003133245993616928
2019-11-27,0.0016842083629183828
2019-11-29,-0.005072207987233047
2020-01-02,0.0026790324964390206
2020-01-03,-6.690548666750005e-05
2020-01-06,-0.006122061443992256
2020-01-07,0.013456072264416676
2020-01-08,-0.011016425219941508
2020-01-09,-0.0011025927624821682
2020-01-10,0.0033375114875093814
2020-01-13,-0.0018989723134686493
2020-01-14,0.00014102253635062123
2020-01-15,0.005239812811989553
2020-01-16,0.0033294592616364815
2020-01-17,0.0055698198738694865
2020-01-21,-0.0020587615490351707
2020-01-22,-0.0006459184714797453
2020-01-23,7.340087611829434e-06
2020-01-24,-0.007454710963602419
2020-01-27,-0.002965852491283405
2020-01-28,-0.01261307899993167
2020-01-29,-0.02333864854038587
2020-01-30,-0.020981113703670506
2020-01-31,-0.004129322498953458
2020-02-03,-0.001065382965862875
2020-02-04,0.01317359919642902
2020-02-05,0.008870308597855602
2020-02-06,-0.0022008263896347033
2020-02-07,-0.014276341292613418
2020-02-10,0.012485923987373295
2020-02-11,0.023300542556178486
2020-02-12,0.01102968271013778
2020-02-13,-0.004775922212811134
2020-02-14,0.010315890879745895
2020-02-18,0.0003636001315547862
2020-02-19,0.03329439497900398
2020-02-20,-0.015360809212961195
2020-02-21,-0.03138295359375463
2020-02-24,-0.027942610676975347
2020-02-25,-0.020142903902747443
2020-02-26,0.00800768861988017
2020-02-27,-0.003617032640498355
2020-02-28,0.03508964619830131
2020-04-01,-0.0356294127829459
2020-04-02,0.02503066874135977
2020-04-03,-0.022536164975382203
2020-04-06,0.041221495826575666
2020-04-07,0.02704287446000955
2020-04-08,0.02184591932463271
2020-04-09,-0.0023261582597981618
2020-04-13,-0.0024299775959823813
2020-04-14,-0.0031507818255463796
2020-04-15,-0.02058294394271671
2020-04-16,-0.024184077272933036
2020-04-17,0.027337793155238363
2020-04-20,-0.008717163799122286
2020-04-21,-0.010167636269642016
2020-04-22,0.016549834394900296
2020-04-23,0.0007770071107578548
2020-04-24,0.007525233562807809
2020-04-27,0.015085344245734912
2020-04-28,0.019417574256156027
2020-04-29,0.024067032966352885
2020-04-30,-0.021026335469665328
2020-05-01,-0.012040133202799853
2020-05-04,-0.010147124572806886
2020-05-05,-0.012769532348562707
2020-05-06,-0.010173668431754245
2020-05-07,0.025420532872477336
2020-05-08,0.020346089829242776
2020-05-11,-0.030738202143672354
2020-05-12,-0.01455362334086823
2020-05-13,-0.03383693969003174
2020-05-14,0.021820943553261453
2020-05-15,-0.009683634874536608
2020-05-18,0.06571805061696973
2020-05-19,-0.0020539262159863245
2020-05-20,0.02072728781414006
2020-05-21,0.007702862446618154
2020-05-22,0.0014337158668208396
2020-05-26,0.05596808318757336
2020-05-27,0.04189243907289098
2020-05-28,-0.027894696597097514
2020-05-29,-0.023542487437892803
2020-07-01,-0.012097028339915722
2020-07-02,-0.0008756950082899455
2020-07-06,-0.000519826369519992
2020-07-07,-0.011032577991812276
2020-07-08,0.0038906181610375732
2020-07-09,0.012510916658383664
2020-07-10,-0.004089715128092508
2020-07-13,-0.00977365445659164
2020-07-14,0.01052489076173755
2020-07-15,-0.010399512394163812
2020-07-16,0.0034621904107085657
2020-07-17,-0.0035615209841010744
2020-07-20,0.005810480439419897
2020-07-21,0.01188760154871522
2020-07-22,0.011463605405018566
2020-07-23,7.719812295880731e-05
2020-07-24,0.0023347358787595613
2020-07-27,-0.00934037995400454
2020-07-28,-0.0024800550504877825
2020-07-29,0.022967168773203015
2020-07-30,-0.0015832918365638277
2020-07-31,-0.02179659901984821
2020-08-03,0.01702745039384057
2020-08-04,-0.0075787292779704975
2020-08-05,0.012094777614657673
2020-08-06,-0.0004610798522612481
2020-08-07,-0.009535580443395508
2020-08-10,0.018896521092478878
2020-08-11,0.010028113146688614
2020-08-12,-0.00017931978838925475
2020-08-13,-0.01137944654883507
2020-08-14,0.00514965160994325
2020-08-17,-0.001535628163313541
2020-08-18,-0.019955677874838075
2020-08-19,-0.0007068490230681904
2020-08-20,-0.005447976543398193
2020-08-21,0.002147904758459119
2020-08-24,0.01215348350926029
2020-08-25,-0.002217846725980399
2020-08-26,-0.010661059616495282
2020-08-27,-0.007543092563652999
2020-08-28,0.010273160569221226
2020-08-31,-0.008022942838859603
2020-09-01,-0.004427054338885265
2020-09-02,0.005618044360704389
2020-09-03,-0.012462248420286337
2020-09-04,-0.003270589851794781
2020-09-08,-0.0211282779198877
2020-09-09,0.010358046370201058
2020-09-10,-0.0008187071269360395
2020-09-11,-0.0024775755980440692
2020-09-14,0.007754529604470807
2020-09-15,-0.0024532760429615942
2020-09-16,0.006590136244107359
2020-09-17,-0.001038564457335433
2020-09-18,-0.005477284524373928
2020-09-21,-0.0049830815457283725
2020-09-22,-0.009529031629855479
2020-09-23,-0.022476140942861964
2020-09-24,0.0007572181292225587
2020-09-25,0.012961752663865123
2020-09-28,0.01640536830683688
2020-09-29,-0.007703601671041138
2020-09-30,-0.001833169926681567
2020-10-01,-0.001738372452977769
2020-10-02,-0.0025701639580753893
2020-10-05,0.020030109552095787
2020-10-06,0.00016550220971149913
2020-10-07,0.0070688883855475095
2020-10-08,0.000546676903318666
2020-10-09,-0.018276004603159236
2020-10-12,0.015919234161762795
2020-10-13,-0.0047739408476032965
2020-10-14,-0.009008817591434282
2020-10-15,0.006309361825224724
2020-10-16,-0.004205018506992154
2020-10-19,-0.0068150765476979736
2020-10-20,0.0038836412926346545
2020-10-21,-0.015272776565884662
2020-10-22,0.012420316128042265
2020-10-23,0.005593091215093815
2020-10-26,-0.004601882992882047
2020-10-27,-0.016881363175346165
2020-10-28,-0.0018689778389459465
2020-10-29,0.016984501162567934
2020-10-30,0.0009565891428962253
2020-12-01,-0.010288040167999862
2020-12-02,-0.010578724111763796
2020-12-03,0.009885934339959145
2020-12-04,0.009979928477152721
2020-12-07,-0.002310931448907261
2020-12-08,-0.00847756638392392
2020-12-09,0.0012051083616757318
2020-12-10,0.015198335459529066
2020-12-11,-0.0064718259737112545
2020-12-14,0.012543625530610858
2020-12-15,0.004820167657482855
2020-12-16,-0.00041936111127662776
2020-12-17,0.00044252854425481675
2020-12-18,-0.010234606956803184
2020-12-21,-0.0034596345218562696
2020-12-22,0.006608332323621925
2020-12-23,-0.005655489649499778
2020-12-24,-0.003261599322746767
2020-12-28,-0.01696287202608173
2020-12-29,0.006173883084592747
2020-12-30,0.0025361943676492256
2020-12-31,-0.006698731837890515
2021-01-04,0.005814376485308583
2021-01-05,0.011031889637575242
2021-01-06,0.011828097896718372
2021-01-07,0.022962800876210058
2021-01-08,-0.005267861627408865
2021-01-11,0.021521457339723257
2021-01-12,0.00041833574096061723
2021-01-13,-0.014956426082631459
2021-01-14,0.007026388830921459
2021-01-15,-0.01445608036704442
2021-01-19,0.00957052804393499
2021-01-20,-0.014658621969438523
2021-01-21,0.0027262233952913173
2021-01-22,-0.0008682729098330897
2021-01-25,-9.92409066523431e-05
2021-01-26,-0.009282044596205475
2021-01-27,-0.005553806846114881
2021-01-28,0.00472592847274367
2021-01-29,-0.008213559336675494
2021-04-01,0.01774499789858839
2021-04-05,-0.018575685673346713
2021-04-06,0.000493141371831829
2021-04-07,0.003404058958184986
2021-04-08,0.0028935080882182005
2021-04-09,0.0003606282720337369
2021-04-12,-0.021621063303126034
2021-04-13,0.011510466973343236
2021-04-14,-0.005213650078859344
2021-04-15,0.010555812998786895
2021-04-16,-0.008749767732063641
2021-04-19,0.0035649780768809646
2021-04-20,-0.009504927108604778
2021-04-21,-0.01002041796533717
2021-04-22,-0.002253481159257831
2021-04-23,0.007263397729122145
2021-04-26,0.01812609205969986
2021-04-27,-0.009299153585853825
2021-04-28,0.005194791713830527
2021-04-29,-0.009198460761726725
2021-04-30,-0.008644055053933754
2021-05-03,-0.03011776410670132
2021-05-04,-0.00896894825408603
2021-05-05,-0.0007420202656372107
2021-05-06,-0.007220935198723844
2021-05-07,0.0005648457061966149
2021-05-10,-0.019144851247265903
2021-05-11,0.01341462061258145
2021-05-12,0.002451402595298569
2021-05-13,-0.02241536657910497
2021-05-14,0.01441789924986856
2021-05-17,0.0046459882847945
2021-05-18,-0.002136298340331555
2021-05-19,0.013253880565109233
2021-05-20,0.009300373365607451
2021-05-21,-0.002107544615544233
2021-05-24,0.006395979645196158
2021-05-25,-0.001957719393977909
2021-05-26,0.002731372468874316
2021-05-27,-0.003425637758440958
2021-05-28,0.014453348040051273
2021-07-01,-0.007792845437843358
2021-07-02,0.0003324258741203012
2021-07-06,0.003169889037492046
2021-07-07,-0.018524051710646465
2021-07-08,-4.9730329665686676e-05
2021-07-09,0.0006249637203550775
2021-07-12,0.0020563377720846277
2021-07-13,-0.0005481334853729039
2021-07-14,-0.004835506947643209
2021-07-15,-0.013138369227244052
2021-07-16,-0.007866894731738296
2021-07-19,0.014212664133222462
2021-07-20,0.0020818187423131676
2021-07-21,-0.0030634548297638897
2021-07-22,0.0027784723803018227
2021-07-23,-0.018326140445452575
2021-07-26,-0.0009201527415730658
2021-07-27,-0.009017616023864682
2021-07-28,0.015058787762291772
2021-07-29,0.01827242535850571
2021-07-30,0.009433056697451226
2021-09-01,-0.003763320039054526
2021-09-02,0.0001397474335643517
2021-09-03,-0.004816655347051402
2021-09-07,0.00532460561859911
2021-09-08,-0.005855045329153441
2021-09-09,0.0005384518788406731
2021-09-10,0.006153527950650429
2021-09-13,0.01842844297998083
2021-09-14,-0.015851385487385163
2021-09-15,0.0021388026490572814
2021-09-16,-0.004448099944735717
2021-09-17,-0.0017963309459234182
2021-09-20,-0.0006434557081079987
2021-09-21,-0.0019822802210922147
2021-09-22,0.01135944169865799
2021-09-23,0.008593976869154973
2021-09-24,-0.0012838015319777127
2021-09-27,0.02356662036981281
2021-09-28,0.019183941465795298
2021-09-29,-0.005122995886636717
2021-09-30,-4.682337397794549e-05
2021-10-01,0.004657343227152371
2021-10-04,-0.006527476951309462
2021-10-05,0.005921636976086609
2021-10-06,-0.004212770596935124
2021-10-07,-0.005102958400572755
2021-10-08,0.0014527686415456644
2021-10-11,-0.006672512581053569
2021-10-12,-0.006843251421461162
2021-10-13,0.014043841032740036
2021-10-14,0.013607548494749724
2021-10-15,0.005491778680668923
2021-10-18,0.01375525539570064
2021-10-19,0.004456003698745348
2021-10-20,0.0008979521934762819
2021-10-21,0.011176998154930007
2021-10-22,-0.03180914886473565
2021-10-25,0.006676442450682728
2021-10-26,-0.01392905521375203
2021-10-27,-0.010958537306617356
2021-10-28,0.0006169383035131929
2021-10-29,0.003490594076771948
2021-12-01,-0.029469165726879284
2021-12-02,0.0058599932810483365
2021-12-03,-0.035122115529312985
2021-12-06,-0.014076293233082172
2021-12-07,0.030872051978773518
2021-12-08,0.0008805838976329032
2021-12-09,-0.028988108728477527
2021-12-10,-0.022461756500320316
2021-12-13,-0.026332463636610237
2021-12-14,0.006236947600043919
2021-12-15,0.021387106114039534
2021-12-16,-0.02328761648884241
2021-12-17,0.007053662066645925
2021-12-20,-0.010890445198772537
2021-12-21,0.03450686164493837
2021-12-22,-0.0006306300585464889
2021-12-23,0.00366387502477592
2021-12-27,0.010696696997776402
2021-12-28,-0.01103137938403811
2021-12-29,-0.01624074370477624
2021-12-30,-0.00316146026530113
2021-12-31,-0.012311491749576088
2022-01-03,0.011559892061431536
2022-01-04,-0.01278876677890706
2022-01-05,-0.03359643931441996
2022-01-06,0.0008602096089059823
2022-01-07,-0.004535220761346248
2022-01-10,0.028036154422095304
2022-01-11,0.008529885088131173
2022-01-12,-0.0011427949196780147
2022-01-13,-0.024315202513684332
2022-01-14,0.012233053910715943
2022-01-18,-0.010169058134672393
2022-01-19,-0.020829165306512954
2022-01-20,-0.01413265891819702
2022-01-21,-0.05624330262708944
2022-01-24,0.004772853711265037
2022-01-25,-0.021094740400723167
2022-01-26,0.0013128163515846664
2022-01-27,-0.008888355921529926
2022-01-28,-0.0020613963789496183
2022-01-31,0.03989598546439302
2022-02-01,0.027032169297826685
2022-02-02,-0.005205604585519108
2022-02-03,-0.08525147785996864
2022-02-04,0.0204740632708033
2022-02-07,-0.009667030094192253
2022-02-08,0.007789550660467649
2022-02-09,0.04313371957667973
2022-02-10,-0.021536396234394854
2022-02-11,-0.054168661419395366
2022-02-14,0.004759390625584127
2022-02-15,0.04198695568030509
2022-02-16,-0.020377796342582036
2022-02-17,-0.04651384836142336
2022-02-18,-0.01600583807518339
2022-02-22,-0.0052946120556334395
2022-02-23,-0.017223250960243887
2022-02-24,0.08070524549216584
2022-02-25,-0.011791765398062058
2022-02-28,0.029066212994900247
2022-03-01,-0.04046842855840857
2022-03-02,0.0012743375258173605
2022-03-03,-0.0395905244240889
2022-03-04,-0.0216191014991163
2022-03-07,-0.04665033254726696
2022-03-08,0.006822381762444828
2022-03-09,0.04767618250379554
2022-03-10,-0.025189502368098783
2022-03-11,-0.03518956426142996
2022-03-14,-0.02413822184360239
2022-03-15,0.041355394843472046
2022-03-16,0.0527411327096872
2022-03-17,-0.008945788935862911
2022-03-18,0.030075647426500887
2022-03-21,-0.009622384620206703
2022-03-22,0.009897070486850646
2022-03-23,-0.03013817779568768
2022-03-24,0.0332825440757893
2022-03-25,-0.013367538612000351
2022-03-28,0.014931964335714577
2022-03-29,0.030171060327782075
2022-03-30,-0.03016653527210005
2022-03-31,-0.021116405707514586
2022-04-01,-0.004049743950545557
2022-04-04,0.04012168882623583
2022-04-05,-0.029754673205695827
2022-04-06,-0.05029694339849261
2022-04-07,-0.01712447953121148
2022-04-08,-0.017018451834094873
2022-04-11,-0.010518179356522972
2022-04-12,-0.0076269045680422915
2022-04-13,0.018913950722722776
2022-04-14,-0.031984161165133744
2022-04-18,0.006659083626730222
2022-04-19,0.02102447352706012
2022-04-20,-0.10803800070300221
2022-04-21,-0.03710811186492477
2022-04-22,0.0017069757951867276
2022-04-25,0.004642327937893142
2022-04-26,-0.02904247273830616
2022-04-27,-0.014304061312087881
2022-04-28,0.0656987985019427
2022-04-29,-0.0027256877677985375
2022-06-01,0.0015441794169741472
2022-06-02,0.057388331516298144
2022-06-03,-0.02857483287375766
2022-06-06,-0.0019944330423562256
2022-06-07,-0.010632337028479056
2022-06-08,0.006215550237066282
2022-06-09,-0.014874107595198855
2022-06-10,-0.025461080768856986
2022-06-13,-0.037617045331952544
2022-06-14,-0.00046650210769634244
2022-06-15,0.042263369382495954
2022-06-16,-0.021592203396916258
2022-06-17,0.034995052724716307
2022-06-21,-0.026489659171557017
2022-06-22,0.024858001129964658
2022-06-23,0.0211456705586456
2022-06-24,0.034290824073098004
2022-06-27,-0.018955342534257437
2022-06-28,-0.05530809947745319
2022-06-29,0.001236420817059946
2022-06-30,-0.012079519329736344
2022-07-01,-0.012301658742945054
2022-07-05,0.03529395754247698
2022-07-06,0.0011733991354834
2022-07-07,0.027475939599637216
2022-07-08,-0.007982511757210299
2022-07-11,-0.027071590487889163
2022-07-12,-0.011475044374985898
2022-07-13,0.0007563261303945802
2022-07-14,-0.007253544450108373
2022-07-15,0.03380866275981321
2022-07-18,0.019357976314907523
2022-07-19,0.034498816336877125
2022-07-20,0.05859371461118965
2022-07-21,0.01540179728921991
2022-07-22,-0.035722716794322866
2022-07-25,-0.02293080613906964
2022-07-26,-0.03712677433335137
2022-07-27,0.04795634379411362
2022-07-28,-0.01151805137334172
2022-07-29,0.0266934220164597
2022-09-01,-0.023502081329070227
2022-09-02,-0.012830451920828347
2022-09-06,-0.015452124461077
2022-09-07,0.01481402900934819
2022-09-08,0.00872449151937349
2022-09-09,0.02187825818239282
2022-09-12,-0.004190351032629992
2022-09-13,-0.05593942658281425
2022-09-14,0.0008541523415213079
2022-09-15,0.0008065918596248858
2022-09-16,0.008632257844020842
2022-09-19,0.004206916089360902
2022-09-20,-0.008251588010291312
2022-09-21,-0.0073544672493975685
2022-09-22,-0.02817549227926657
2022-09-23,0.0018847865362407556
2022-09-26,-0.005381198605676787
2022-09-27,0.009549052367479516
2022-09-28,0.021311871073645072
2022-09-29,-0.030032686387166187
2022-09-30,0.007968367479632121
2022-10-03,0.002019060424567511
2022-10-04,0.011629585239123715
2022-10-05,-0.0014085998725613
2022-10-06,0.0048476355403858085
2022-10-07,-0.032242229641094564
2022-10-10,-0.015284369819528278
2022-10-11,-0.03905257356464613
2022-10-12,0.014116440282188725
2022-10-13,-0.0080540970606773
2022-10-14,-0.02012519040729781
2022-10-17,0.03666884594998768
2022-10-18,0.0036622526542845722
2022-10-19,0.028057004725921545
2022-10-20,0.0036118113771247407
2022-10-21,0.010790523342062475
2022-10-24,-0.018491499275107362
2022-10-25,0.02022736418581137
2022-10-26,-0.02551937601829155
2022-10-27,-0.02135654840038593
2022-10-28,-0.0032921897919953925
2022-10-31,-0.008011079122267352
2022-11-01,-0.008664786128794306
2022-11-02,-0.007487154154339272
2022-11-03,-0.027736990849593024
2022-11-04,-0.018072044415110126
2022-11-07,0.004388506497175924
2022-11-08,0.010516363509571748
2022-11-09,-0.006608600902104307
2022-11-10,0.033625442106880496
2022-11-11,0.02013908477092603
2022-11-14,-0.0023594909772933995
2022-11-15,0.02367252418953856
2022-11-16,-0.00458810062158148
2022-11-17,-0.02484762817894495
2022-11-18,-0.007811704898953886
2022-11-21,-0.009999802551154402
2022-11-22,0.00685089558789578
2022-11-23,0.0019084194629097164
2022-11-25,-0.005505371807024174
2022-11-28,-0.006733460397793921
2022-11-29,-0.0037298278119164644
2022-11-30,0.0223708528620448
2022-12-01,0.012059004284589425
2022-12-02,0.00016153017627882282
2022-12-05,-0.003951985982882953
2022-12-06,-0.005538626112249335
2022-12-07,0.00486122874265491
2022-12-08,0.004157286521714764
2022-12-09,0.0004841630375869363
2022-12-12,-0.012560327897314892
2022-12-13,0.01005962424843019
2022-12-14,-0.000781423795907864
2022-12-15,-0.010020173602127992
2022-12-16,0.0012814947512100675
2022-12-19,0.0093361626152094
2022-12-20,0.0032132724757847116
2022-12-21,0.002897691726919494
2022-12-22,0.004662392591059782
2022-12-23,0.001060142896540617
2022-12-27,-0.0019060629644775066
2022-12-28,0.0012482777484628567
2022-12-29,0.0034425486932767612
2022-12-30,0.008025638964078841
2023-02-01,0.05395644758501369
2023-02-02,0.07929194563959373
2023-02-03,-0.0214251821567713
2023-02-06,-0.014424806828488502
2023-02-07,0.01770486100380291
2023-02-08,-0.01775899452053949
2023-02-09,-0.009506310574996537
2023-02-10,-0.028782782063617823
2023-02-13,0.012217805302958993
2023-02-14,0.021037228777063776
2023-02-15,-0.007131647290563592
2023-02-16,-0.023136669652756313
2023-02-17,-0.026084293908618664
2023-02-21,-0.012020178006315434
2023-02-22,-0.0027057051779845634
2023-02-23,0.030576609062481767
2023-02-24,-0.017721866906721773
2023-02-27,0.0028899020862468874
2023-02-28,0.015315143585893877
2023-03-01,0.0016540037783293788
2023-03-02,0.020258779959184747
2023-03-03,0.0164723233572508
2023-03-06,-0.01017689018286927
2023-03-07,0.00879438417999905
2023-03-08,0.02306062981705246
2023-03-09,0.009513066659576897
2023-03-10,-0.011575988456156705
2023-03-13,-0.003589860740360695
2023-03-14,0.030403634081410735
2023-03-15,0.016194242325744113
2023-03-16,0.04281929544100133
2023-03-17,0.012222833301157612
2023-03-20,-0.012891181505665239
2023-03-21,0.0025926989982570253
2023-03-22,-0.0012492203047254295
2023-03-23,0.022072446960392348
2023-03-24,-0.004660851486783324
2023-03-27,-0.022822259970205216
2023-03-28,-0.0037563884658874842
2023-03-29,0.027427861869010074
2023-03-30,0.0080115309257893
2023-03-31,0.004286693964331257
2023-04-03,-0.02011224347749771
2023-04-04,0.007036769801731091
2023-04-05,-0.017297148306024135
2023-04-06,0.0039730787991399735
2023-04-10,-0.0036375700361002575
2023-04-11,-0.012150574510711177
2023-04-12,-0.012757398103456885
2023-04-13,0.01486421075600899
2023-04-14,0.002377296732949752
2023-04-17,-0.010305625831523727
2023-04-18,-0.00468581925587992
2023-04-19,0.006621404464431179
2023-04-20,-0.00410009983349029
2023-04-21,-0.0003527494525531246
2023-04-24,-0.008794490587358173
2023-04-25,-0.026399105654848647
2023-04-26,0.010732045002417357
2023-04-27,0.037169066863414923
2023-04-28,0.003560367687395229
2023-06-01,0.012884932882540823
2023-06-02,-0.00985664511389486
2023-06-05,0.003616497901717008
2023-06-06,0.019426808709212495
2023-06-07,-0.041185129698323754
2023-06-08,0.00922040261704351
2023-06-09,0.01120627961194307
2023-06-12,-0.004967475104336816
2023-06-13,-0.017009380359205187
2023-06-14,-0.012774628721800399
2023-06-15,-0.009947234319471311
2023-06-16,-0.007300716528796183
2023-06-20,0.014428567075766585
2023-06-21,-0.01929642536720238
2023-06-22,0.013701000437015299
2023-06-23,0.010085175551965267
2023-06-26,-0.012215440467426484
2023-06-27,0.009761668706776727
2023-06-28,0.005834506174837118
2023-06-29,-0.015653402379782855
2023-06-30,0.00829227948910738
2023-07-03,0.0005218565513841299
2023-07-05,0.010312247775194483
2023-07-06,-0.004639821286368706
2023-07-07,0.01113516326696349
2023-07-10,-0.005268567124377134
2023-07-11,0.0015877075024102619
2023-07-12,0.018933015851641734
2023-07-13,0.018309205936924536
2023-07-14,-0.007769660039093273
2023-07-17,0.011449916935070316
2023-07-18,0.008160408801965025
2023-07-19,-0.004016520365671017
2023-07-20,-0.05360422444515751
2023-07-21,-0.012811104516248298
2023-07-24,-0.00023924199812279617
2023-07-25,0.010454578847899887
2023-07-26,0.0010937288821785138
2023-07-27,0.014916877724781254
2023-07-28,0.017009521972629754
2023-07-31,0.008166322767908428
2023-08-01,-0.002324054373988959
2023-08-02,-0.020072349036385974
2023-08-03,0.002521751158359975
2023-08-04,0.026639744094518483
2023-08-07,-0.0006822723660046656
2023-08-08,0.027186148147204707
2023-08-09,-0.010783076909252684
2023-08-10,0.003861772081739168
2023-08-11,-0.000812900425974816
2023-08-14,0.017949053410978542
2023-08-15,-0.002116790437042138
2023-08-16,-0.012072787520134543
2023-08-17,-0.012420965031750879
2023-08-18,0.003389632112847241
2023-08-21,0.008809903777470839
2023-08-22,0.014816052251331691
2023-08-23,0.01067051154716192
2023-08-24,-0.02301276968779476
2023-08-25,0.006563649625661272
2023-08-28,-0.0012720771787502194
2023-08-29,0.01199649672744756
2023-08-30,0.0029061715760820834
2023-08-31,0.017188701021308584
2023-09-01,0.022530014514952703
2023-09-05,0.007609481407824072
2023-09-06,0.0044027722467256504
2023-09-07,0.0017244329654713996
2023-09-08,-0.0023426967062185394
2023-09-11,-0.003874429954176529
2023-09-12,-0.0026361713191571205
2023-09-13,-0.004662942420821415
2023-09-14,-0.012449351439996547
2023-09-15,-0.01499384106668493
2023-09-18,-0.0016554439232219884
2023-09-19,-0.00659330392755726
2023-09-20,-0.01207440057358269
2023-09-21,-0.003592115237529626
2023-09-22,-0.008570104282631585
2023-09-25,0.007125124714188559
2023-09-26,-0.0011770117998143965
2023-09-27,0.014507982172822523
2023-09-28,0.01236169377775971
2023-09-29,0.005434828343335751
2023-11-01,0.02787539105105955
2023-11-02,0.002179256914188876
2023-11-03,0.016564981689186922
2023-11-06,3.960155990547789e-05
2023-11-07,0.011495922046558318
2023-11-08,0.005945253949469387
2023-11-09,-0.0005387994169053555
2023-11-10,0.02382897504759378
2023-11-13,-0.006877374523339897
2023-11-14,0.02023463091092817
2023-11-15,0.0006225781302516388
2023-11-16,0.0009040787928847438
2023-11-17,0.004879522464506047
2023-11-20,0.00439169998627582
2023-11-21,-0.012718865319733895
2023-11-22,0.005269622665489894
2023-11-24,-0.006224116711495653
2023-11-27,0.0004122217658007574
2023-11-28,-0.0012818437045534871
2023-11-29,0.008262973834331609
2023-11-30,-0.0183087041065219
2023-12-01,-0.005526520924769741
2023-12-04,-0.017644521387336725
2023-12-05,0.005087924739267402
2023-12-06,-0.009996511038095714
2023-12-07,0.026885070302555363
2023-12-08,0.012439241160143189
2023-12-11,0.011176845574662054
2023-12-12,0.0038204767300558757
2023-12-13,0.0020615872001545008
2023-12-14,0.011930161657155262
2023-12-15,0.016170202620742227
2023-12-18,-0.0009315132197614815
2023-12-19,0.009319072279820161
2023-12-20,-0.0064800931223524755
2023-12-21,0.011880068715062732
2023-12-22,-0.02560103928495523
2023-12-26,0.01542561041514905
2023-12-27,0.0011615672452495167
2023-12-28,0.0038608607859128116
2023-12-29,-0.004819649744904009
2024-02-01,-0.0032658889577684667
2024-02-02,0.049306334460039916
2024-02-05,0.0035639042538815786
2024-02-06,-0.016152356337246987
2024-02-07,0.01565491803447392
2024-02-08,-0.003955758926461294
2024-02-09,0.026107365016940373
2024-02-12,-0.004918472715909283
2024-02-13,-0.0012434980437798782
2024-02-14,0.03193851695993029
2024-02-15,-0.0039460851944319595
2024-02-16,-0.014592937811916241
2024-02-20,-0.024104847912807162
2024-02-21,-0.0212737352670388
2024-02-22,0.06168153074192917
2024-02-23,-0.010229739534473727
2024-02-26,0.01039192915159104
2024-02-27,0.011984984700747405
2024-02-28,-0.01191435058250585
2024-02-29,0.037640945632019834
2024-03-01,0.0363278422164092
2024-03-04,0.011600340660159424
2024-03-05,-0.012862132173768723
2024-03-06,0.014215827508081903
2024-03-07,0.02559065884143592
2024-03-08,-0.02974138866809753
2024-03-11,-0.02821029337078815
2024-03-12,0.030796754925077233
2024-03-13,-0.01835393661228102
2024-03-14,-0.007259966909687998
2024-03-15,3.5641641066707416e-05
2024-03-18,0.000999281769081594
2024-03-19,-0.015804187416444918
2024-03-20,0.004765472475824418
2024-03-21,0.005284453172269977
2024-03-22,0.015032065615632884
2024-03-25,-0.001741100780657102
2024-03-26,-0.008957739227382012
2024-03-27,-0.013626647943990669
2024-03-28,-0.003206038492415164
2024-05-01,-0.0392761350183451
2024-05-02,0.010819265060051663
2024-05-03,0.01745242112861205
2024-05-06,0.036051097211208076
2024-05-07,-0.0052895201481582
2024-05-08,0.0027930708430257134
2024-05-09,-0.010802300558096679
2024-05-10,-0.008136487825569484
2024-05-13,0.0008490807129902804
2024-05-14,0.01779916723477513
2024-05-15,0.024846577145799433
2024-05-16,-0.012776631685269168
2024-05-17,0.003943501765519298
2024-05-20,0.029535823881267118
2024-05-21,0.006455373204990834
2024-05-22,-0.008287433360923769
2024-05-23,0.028895002500858594
2024-05-24,0.019675076732807464
2024-05-28,0.035388322772381
2024-05-29,0.004402748612426554
2024-05-30,-0.01882630911458458
2024-05-31,-0.020675246069556688
2024-06-03,0.007723398719419409
2024-06-04,-0.008847324880658404
2024-06-05,0.02528407283138858
2024-06-06,-0.00467304613382129
2024-06-07,0.0006558022328076125
2024-06-10,0.013150175905150286
2024-06-11,-0.0076528389726565615
2024-06-12,0.01576270324669651
2024-06-13,0.015914368628141575
2024-06-14,0.001088958806614593
2024-06-17,-0.005350441895434543
2024-06-18,-0.00117996500795492
2024-06-20,-0.0025841739195683333
2024-06-21,-0.014421059028260429
2024-06-24,-0.016323828444083425
2024-06-25,0.028436463839537775
2024-06-26,-0.006338829145223057
2024-06-27,0.00837338118540749
2024-06-28,-0.0069889734539895
2024-08-01,-0.07390884559180078
2024-08-02,-0.026963558001525438
2024-08-05,0.002191279700812145
2024-08-06,-0.0039000477001809976
2024-08-07,-0.021558578233142507
2024-08-08,0.044604256578597165
2024-08-09,0.007603494864226646
2024-08-12,0.017939567241014864
2024-08-13,0.033206855830029226
2024-08-14,-0.011570034661736273
2024-08-15,0.017066659225452273
2024-08-16,-0.00298983734205367
2024-08-19,0.015698708743919012
2024-08-20,-0.009104807869632725
2024-08-21,-0.0018318512124611882
2024-08-22,-0.025019760862823627
2024-08-23,0.018140640336032687
2024-08-26,-0.023254674285119025
2024-08-27,0.009994999405111685
2024-08-28,-0.012268023856467726
2024-08-29,-0.02020605021849662
2024-08-30,0.018969801493351125
2024-10-01,-0.03705564449263341
2024-10-02,0.010101138943956102
2024-10-03,0.012342122665298019
2024-10-04,0.023172332133217188
2024-10-07,-0.004036562224740604
2024-10-08,0.025292467018398112
2024-10-09,-0.004592276451783995
2024-10-10,-0.007477682094745175
2024-10-11,-0.011556357614585955
2024-10-14,0.002923950074354465
2024-10-15,-0.019050241184739348
2024-10-16,0.004747796753215994
2024-10-17,0.0025847702411815996
2024-10-18,-0.0028825389810955837
2024-10-21,0.01319988439257094
2024-10-22,-0.0070457314180835786
2024-10-23,-0.014613603559186837
2024-10-24,0.012248906934430504
2024-10-25,0.009358550905497198
2024-10-28,0.003931830888282151
2024-10-29,0.031127126679508746
2024-10-30,-0.018895847968332324
2024-10-31,-0.03585325519763639
2024-11-01,-0.00574328662715202
2024-11-04,-0.0015679200421551802
2024-11-05,0.014538649769159773
2024-11-06,0.02401323009957328
2024-11-07,0.02238701727106434
2024-11-08,-0.010080289171865032
2024-11-11,0.0036185836975405348
2024-11-12,-0.005410148380673575
2024-11-13,-0.01798022567936144
2024-11-14,-0.013185895074987821
2024-11-15,-0.020463296214702442
2024-11-18,0.002026805859704317
2024-11-19,0.017287244468365912
2024-11-20,-0.009071577969382539
2024-11-21,-0.001934106851274332
2024-11-22,-0.010890118315003194
2024-11-25,-0.0085677648457694
2024-11-26,-0.002736530985156982
2024-11-27,-0.022323273972844594
2024-11-29,0.009918019034899594
